{"mean": [258.7, 129.7627606532032, 4228.8205623731765, 68.83647019035655, 0.019923760749830904, -0.10116243115276839], "std": [149.3749476987356, 50.40864026682252, 1167.9460691591162, 41.46963422709887, 0.6617482128075957, 0.8938494444000883], "classes": ["SLOW", "NORMAL", "AGGRESSIVE"]}